-- phpMyAdmin SQL Dump
-- version 4.0.10deb1
-- http://www.phpmyadmin.net
--
-- Host: localhost
-- Generation Time: Jul 21, 2017 at 06:58 AM
-- Server version: 5.5.47-0ubuntu0.14.04.1
-- PHP Version: 5.5.9-1ubuntu4.17

SET SQL_MODE = "NO_AUTO_VALUE_ON_ZERO";
SET time_zone = "+00:00";


/*!40101 SET @OLD_CHARACTER_SET_CLIENT=@@CHARACTER_SET_CLIENT */;
/*!40101 SET @OLD_CHARACTER_SET_RESULTS=@@CHARACTER_SET_RESULTS */;
/*!40101 SET @OLD_COLLATION_CONNECTION=@@COLLATION_CONNECTION */;
/*!40101 SET NAMES utf8 */;

--
-- Database: `material-teknik`
--

-- --------------------------------------------------------

--
-- Table structure for table `jenis_barang`
--

CREATE TABLE IF NOT EXISTS `jenis_barang` (
  `id_jenis` varchar(50) NOT NULL,
  `jenis_brg` varchar(255) NOT NULL,
  PRIMARY KEY (`id_jenis`)
) ENGINE=InnoDB DEFAULT CHARSET=latin1;

--
-- Dumping data for table `jenis_barang`
--

INSERT INTO `jenis_barang` (`id_jenis`, `jenis_brg`) VALUES
('1', 'Pipa'),
('2', 'Meter Air'),
('3', 'Assesories'),
('4', 'Oli/Pelumas'),
('5', 'Sparepart');

-- --------------------------------------------------------

--
-- Table structure for table `pengeluaran`
--

CREATE TABLE IF NOT EXISTS `pengeluaran` (
  `id` int(11) NOT NULL AUTO_INCREMENT,
  `unit` varchar(20) NOT NULL,
  `kode_brg` varchar(5) NOT NULL,
  `jumlah` int(11) NOT NULL,
  `tgl_keluar` date NOT NULL,
  PRIMARY KEY (`id`)
) ENGINE=InnoDB  DEFAULT CHARSET=latin1 AUTO_INCREMENT=3 ;

--
-- Dumping data for table `pengeluaran`
--

INSERT INTO `pengeluaran` (`id`, `unit`, `kode_brg`, `jumlah`, `tgl_keluar`) VALUES
(1, '3ilir', 'BR022', 4, '2017-07-20'),
(2, 'Rambutan', 'BR107', 1, '2017-07-21');

--
-- Triggers `pengeluaran`
--
DROP TRIGGER IF EXISTS `TG_STOK_UPDATE`;
DELIMITER //
CREATE TRIGGER `TG_STOK_UPDATE` AFTER INSERT ON `pengeluaran`
 FOR EACH ROW BEGIN
	update stokbarang SET keluar=keluar + NEW.jumlah, 
	sisa=stok-keluar WHERE 
	kode_brg = NEW.kode_brg;

	update permintaan SET status=1 WHERE kode_brg=NEW.kode_brg AND 
	unit=NEW.unit;
END
//
DELIMITER ;

-- --------------------------------------------------------

--
-- Table structure for table `permintaan`
--

CREATE TABLE IF NOT EXISTS `permintaan` (
  `id_permintaan` int(100) NOT NULL AUTO_INCREMENT,
  `unit` varchar(20) NOT NULL,
  `kode_brg` varchar(5) NOT NULL,
  `id_jenis` int(11) NOT NULL,
  `jumlah` int(11) NOT NULL,
  `tgl_permintaan` date NOT NULL,
  `nama_tukang` varchar(20) NOT NULL,
  `status` int(11) NOT NULL,
  PRIMARY KEY (`id_permintaan`)
) ENGINE=MyISAM  DEFAULT CHARSET=latin1 AUTO_INCREMENT=4 ;

--
-- Dumping data for table `permintaan`
--

INSERT INTO `permintaan` (`id_permintaan`, `unit`, `kode_brg`, `id_jenis`, `jumlah`, `tgl_permintaan`, `nama_tukang`, `status`) VALUES
(1, '3ilir', 'BR022', 2, 4, '2017-07-20', '', 1),
(3, 'Rambutan', 'BR107', 2, 1, '2017-07-21', 'sukiman', 1);

-- --------------------------------------------------------

--
-- Table structure for table `sementara`
--

CREATE TABLE IF NOT EXISTS `sementara` (
  `id_sementara` int(100) NOT NULL AUTO_INCREMENT,
  `unit` varchar(50) NOT NULL,
  `kode_brg` varchar(5) NOT NULL,
  `id_jenis` int(11) NOT NULL,
  `jumlah` int(11) NOT NULL,
  `tgl_permintaan` date NOT NULL,
  `nama_tukang` varchar(20) NOT NULL,
  `status` int(11) NOT NULL DEFAULT '0',
  PRIMARY KEY (`id_sementara`)
) ENGINE=MyISAM  DEFAULT CHARSET=latin1 AUTO_INCREMENT=4 ;

-- --------------------------------------------------------

--
-- Table structure for table `stokbarang`
--

CREATE TABLE IF NOT EXISTS `stokbarang` (
  `kode_brg` varchar(5) NOT NULL,
  `id_jenis` int(2) NOT NULL,
  `nama_brg` varchar(30) NOT NULL,
  `satuan` varchar(50) DEFAULT NULL,
  `stok` int(11) NOT NULL,
  `keluar` int(11) DEFAULT '0',
  `sisa` int(11) NOT NULL,
  `tgl_masuk` date NOT NULL,
  `suplier` varchar(20) NOT NULL,
  PRIMARY KEY (`kode_brg`)
) ENGINE=InnoDB DEFAULT CHARSET=latin1;

--
-- Dumping data for table `stokbarang`
--

INSERT INTO `stokbarang` (`kode_brg`, `id_jenis`, `nama_brg`, `satuan`, `stok`, `keluar`, `sisa`, `tgl_masuk`, `suplier`) VALUES
('BR001', 1, 'Pipa Steel  Ø 2"', 'Meter', 180, 0, 180, '2017-01-08', ''),
('BR002', 1, 'Pipa Steel Ø 4"', 'Meter', 250, 28, 222, '2017-01-15', ''),
('BR003', 1, 'Pipa Steel Ø 6"', 'Meter', 30, 0, 30, '2017-04-17', ''),
('BR004', 1, 'Pipa Steel Ø 8"', 'Meter', 120, 0, 120, '2017-02-14', ''),
('BR005', 1, 'Pipa Steel Ø 12"', 'Meter', 210, 0, 210, '2017-02-14', ''),
('BR006', 1, 'Pipa GS Ø 1/2"', 'Meter', 468, 10, 458, '2017-03-15', ''),
('BR007', 1, 'Pipa GS Ø 3/4"', 'Meter', 248, 10, 238, '2017-03-30', ''),
('BR008', 1, 'Pipa GS Ø 1"', 'Meter', 454, 0, 454, '2017-03-27', ''),
('BR009', 1, 'Pipa PVC Ø 1/2"', 'Meter', 2316, 0, 2316, '2017-04-20', ''),
('BR010', 1, 'Pipa PVC Ø 1"', 'Meter', 230, 0, 230, '2017-05-16', ''),
('BR011', 1, 'Pipa PVC Ø 2"', 'Meter', 350, 0, 350, '2017-05-26', ''),
('BR012', 1, 'Pipa PVC Ø 4"', 'Meter', 300, 0, 300, '2017-04-18', ''),
('BR013', 1, 'Pipa PVC Ø 6"', 'Meter', 400, 0, 400, '2017-04-19', ''),
('BR014', 1, 'Pipa HDPE Ø 25 mm', 'Meter', 4450, 0, 4450, '2017-05-24', ''),
('BR015', 1, 'Pipa HDPE Ø 90 mm', 'Meter', 5887, 0, 5887, '2017-06-20', ''),
('BR016', 1, 'Pipa Stenlis Ø 1"', 'Meter', 6, 0, 6, '2017-06-20', ''),
('BR017', 1, 'Pipa PE Ø 200 mm', 'Meter', 1540, 0, 1540, '2017-06-21', ''),
('BR018', 1, 'Pipa PE Ø 400 mm', 'Meter', 2300, 0, 2300, '2017-05-25', ''),
('BR019', 1, 'Pipa PE Ø 500 mm', 'Meter', 116, 0, 116, '2017-05-30', ''),
('BR020', 1, 'Pipa PE Ø 710 mm', 'Meter', 618, 0, 618, '2017-06-20', ''),
('BR021', 2, 'Meter Air Itron Ø 1"', 'Set', 5100, 0, 5100, '2017-05-16', ''),
('BR022', 2, 'Meter Air Drat Ø 3/4"', 'Buah', 20, 4, 16, '2017-06-19', ''),
('BR023', 2, 'Meter Air Drat Ø 1"', 'Buah', 38, 35, 3, '2017-05-15', ''),
('BR024', 2, 'Meter Air Drat Ø 2"', 'Buah', 20, 5, 15, '2017-05-23', ''),
('BR025', 2, 'Meter Air Drat Ø 3"', 'Buah', 50, 42, 8, '2017-05-24', ''),
('BR026', 2, 'Meter Air Flange Ø 2"', 'Buah', 9, 2, 7, '2017-05-23', ''),
('BR027', 2, 'Meter Air Flange Ø 4"', 'Buah', 14, 0, 14, '2017-06-22', ''),
('BR028', 2, 'Meter Air Flange Ø 8"', 'Buah', 30, 0, 30, '2017-06-20', ''),
('BR029', 2, 'Meter Air Flange Ø 250mm', 'Buah', 30, 8, 22, '2017-05-22', ''),
('BR030', 2, 'Meter Air Barindo Ø 1/2"', 'Set', 12, 0, 12, '2017-07-02', ''),
('BR031', 3, 'Dop PVC Ø 3/4"', 'Buah', 1850, 0, 1850, '2017-06-12', ''),
('BR032', 3, 'Dop PVC Ø 1"', 'Buah', 13, 2, 11, '2017-06-18', ''),
('BR033', 3, 'Dop PVC Ø 2"', 'Buah', 232, 100, 132, '2017-06-20', ''),
('BR034', 3, 'Dop PVC Ø 3"', 'Buah', 20, 7, 13, '2017-06-19', ''),
('BR035', 3, 'Dop PVC Ø 4"', 'Buah', 35, 5, 30, '2017-06-19', ''),
('BR036', 3, 'Bend PVC RR Ø 2x90"', 'Buah', 50, 10, 40, '2017-06-27', ''),
('BR037', 3, 'Bend PVC RR Ø 3x90"', 'Buah', 48, 4, 44, '2017-06-26', ''),
('BR038', 3, 'Bend PVC RR Ø 3x45"', 'Buah', 166, 5, 161, '2017-06-20', ''),
('BR039', 3, 'Bend PVC RR Ø 6x90"', 'Buah', 144, 0, 144, '2017-06-21', ''),
('BR040', 3, 'Bend PVC RR Ø 6x45"', 'Buah', 49, 8, 41, '2017-06-28', ''),
('BR041', 3, 'Faucet Socket PVC Ø 3/4"', 'Buah', 4206, 0, 4206, '2017-06-27', ''),
('BR042', 3, 'Faucet Socket PVC Ø 1"', 'Buah', 1980, 40, 1940, '2017-06-20', ''),
('BR043', 3, 'Faucet Socket PVC Ø 2"', 'Buah', 10, 0, 10, '2017-06-27', ''),
('BR044', 3, 'Faucet Socket PVC Ø 3"', 'Buah', 13, 0, 13, '2017-06-27', ''),
('BR045', 3, 'Faucet Socket PVC Ø 300"', 'Buah', 77, 0, 77, '2017-06-27', ''),
('BR046', 3, 'Kopling Pipa PVC Ø 3/4"', 'Buah', 7469, 0, 7469, '2017-06-27', ''),
('BR047', 3, 'Knee PVC Ø 1/2"', 'Buah', 9187, 0, 9187, '2017-06-25', ''),
('BR048', 3, 'Knee PVC Ø 3/4"', 'Buah', 3169, 0, 3169, '2017-07-28', ''),
('BR049', 3, 'Knee PVC Ø 1"', 'Buah', 22, 0, 22, '2017-06-28', ''),
('BR050', 3, 'Knee PVC Ø 2"', 'Buah', 35, 0, 35, '2017-06-28', ''),
('BR051', 3, 'Knee SC - PVC Ø 2 1/2x90', 'Buah', 1, 0, 1, '2017-06-28', ''),
('BR052', 3, 'Reducer PVC Ø 3x2"', 'Buah', 24, 0, 24, '2017-06-28', ''),
('BR053', 3, 'Reducer PVC Ø 4x2"', 'Buah', 183, 0, 183, '2017-06-28', ''),
('BR054', 3, 'Reducer PVC Ø 4x3"', 'Buah', 143, 0, 143, '2017-06-28', ''),
('BR055', 3, 'Reducer PVC Ø 6x2"', 'Buah', 50, 0, 50, '2017-06-28', ''),
('BR056', 3, 'Reducer PVC Ø 8x6"', 'Buah', 52, 0, 52, '2017-06-30', ''),
('BR057', 3, 'Reducer PVC Ø 8x4"', 'Buah', 54, 0, 54, '2017-06-30', ''),
('BR058', 3, 'Repair Socket PVC Ø 3"', 'Buah', 653, 0, 653, '2017-07-03', ''),
('BR059', 3, 'Repair Socket PVC Ø 4"', 'Buah', 322, 0, 322, '2017-07-04', ''),
('BR060', 3, 'Repair Socket PVC Ø 6"', 'Buah', 40, 0, 40, '2017-07-04', ''),
('BR061', 3, 'Repair Socket PVC Ø 12"', 'Buah', 21, 0, 21, '2017-07-05', ''),
('BR062', 3, 'Sock Reduser Ø 1"', 'Buah', 18, 0, 18, '2017-07-05', ''),
('BR063', 3, 'Sock PVC Ø 2"', 'Buah', 18, 0, 18, '2017-07-06', ''),
('BR064', 3, 'Tee PVC RR Ø 4x3"', 'Buah', 163, 0, 163, '2017-07-06', ''),
('BR065', 3, 'Tee PVC RR Ø 4x4"', 'Buah', 359, 35, 324, '2017-07-03', ''),
('BR066', 3, 'Tee PVC RR Ø 3x3"', 'Buah', 361, 0, 361, '2017-07-06', ''),
('BR067', 3, 'Tee PVC RR Ø 4x2"', 'Buah', 155, 0, 155, '2017-07-05', ''),
('BR068', 3, 'Tee PVC RR Ø 2x2"', 'Buah', 201, 0, 201, '2017-06-30', ''),
('BR069', 3, 'Tee PVC RR Ø 8x6"', 'Buah', 104, 0, 104, '2017-07-05', ''),
('BR070', 3, 'Tee PVC Ø 1/2"', 'Buah', 862, 0, 862, '2017-07-05', ''),
('BR071', 1, 'Pipa Steel Selubung Ø 1100"', 'Meter', 25, 0, 25, '2017-07-03', ''),
('BR072', 1, 'Pipa STC Leaning Ø 300m', 'Meter', 105, 0, 105, '2017-07-03', ''),
('BR073', 1, 'Pipa STC Leaning Ø 600m', 'Meter', 138, 0, 138, '2017-07-03', ''),
('BR074', 1, 'Pipa STC Leaning Ø 200mm', 'Meter', 80, 0, 80, '2017-07-03', ''),
('BR075', 1, 'Pipa STC Leaning Ø 400m', 'Meter', 326, 0, 326, '2017-07-03', ''),
('BR076', 1, 'Pipa PE Ø 315 mm', 'Meter', 1641, 0, 1641, '2017-07-03', ''),
('BR077', 1, 'Pipa PE Ø 160 mm', 'Meter', 5933, 0, 5933, '2017-07-03', ''),
('BR078', 1, 'Pipa PE Ø 110 mm', 'Meter', 16981, 0, 16981, '2017-07-03', ''),
('BR079', 1, 'Pipa PVC Ø 3"', 'Meter', 20, 0, 20, '2017-07-03', ''),
('BR080', 1, 'Pipa PVC Ø 12"', 'Meter', 15, 0, 15, '2017-07-03', ''),
('BR081', 4, 'Minyak Compressor Ø SAE 30', 'Liter', 12, 0, 12, '2017-07-10', ''),
('BR082', 4, 'Minyak Hidrolex Ø SAE 10', 'Liter', 68, 0, 68, '2017-07-05', ''),
('BR083', 5, 'Ampere Meter Ø 800/5A', 'Buah', 9, 0, 9, '2017-07-11', ''),
('BR084', 5, 'Bohlam Control', 'Buah', 17, 0, 17, '2017-07-12', ''),
('BR085', 4, 'Minyak Diala Ø C/B', 'Liter', 180, 0, 180, '2017-07-16', ''),
('BR086', 4, 'Grease Draton', 'Kg', 18, 0, 18, '2017-07-16', ''),
('BR087', 4, 'Oli Gardan Rored Ø SAE 12', 'Liter', 68, 4, 64, '2017-07-16', ''),
('BR088', 5, 'Push Button', 'Buah', 5, 0, 5, '2017-07-16', ''),
('BR089', 5, 'Skun Kabel Ø 50 mm', 'Buah', 95, 0, 95, '2017-07-16', ''),
('BR090', 5, 'Terminal KB SPB Ø 60', 'Buah', 5, 0, 5, '2017-07-16', ''),
('BR091', 5, 'Dynamo  Star Yanmar Ø 12V', 'Buah', 4, 0, 4, '2017-07-16', ''),
('BR092', 5, 'Kabel NYY Ø 2x2,5mm', 'Meter', 100, 0, 100, '2017-07-18', ''),
('BR093', 5, 'Kabel Ties', 'Bungkus', 1, 0, 1, '2017-07-12', ''),
('BR094', 5, 'Time Delay Ø 0-30s', 'Buah', 5, 0, 5, '2017-07-11', ''),
('BR095', 5, 'Konektor Ø 120mm', 'Buah', 8, 0, 8, '2017-07-11', ''),
('BR096', 5, 'Ballast SON Ø 250 Watt', 'Buah', 4, 0, 4, '2017-07-05', ''),
('BR097', 5, 'MCB', 'Buah', 12, 0, 12, '2017-07-09', ''),
('BR098', 5, 'Skun Ø 70', 'Buah', 1500, 0, 1500, '2017-07-10', ''),
('BR099', 5, 'Timer Omron Ø H3CR', 'Buah', 10, 0, 10, '2017-07-02', ''),
('BR100', 4, 'Pelumas Mesran Ø SAE 20-50', 'Liter', 30, 0, 30, '2017-07-10', ''),
('BR101', 4, 'Pelumas Meditran Ø SAE 40', 'Liter', 139, 0, 139, '2017-07-04', ''),
('BR102', 4, 'Gemuk Biasa', 'Kaleng', 10, 0, 10, '2017-07-11', ''),
('BR103', 4, 'Grease SKF LGHP Ø 2/1', 'Kg', 3, 0, 3, '2017-06-26', ''),
('BR104', 4, 'Minyak Oli Ø SAE 90', 'Liter', 10, 0, 10, '2017-07-02', ''),
('BR105', 4, 'Oli Diesel Ø SAE 15W-40', 'Liter', 45, 0, 45, '2017-07-03', ''),
('BR106', 1, 'Pipa Galvanis', 'Meter', 35, 0, 35, '2017-07-18', ''),
('BR107', 2, 'meter air 2002', 'meter', 20, 1, 19, '2017-07-20', 'Adi'),
('BR108', 1, 'pipa 2002', 'meter', 10, 0, 10, '2017-07-21', 'sukiman');

-- --------------------------------------------------------

--
-- Table structure for table `user`
--

CREATE TABLE IF NOT EXISTS `user` (
  `id_user` int(11) NOT NULL AUTO_INCREMENT,
  `username` varchar(20) NOT NULL,
  `password` varchar(255) NOT NULL,
  `level` enum('unit_pelayanan','admin_gudang','asisten_manajer') NOT NULL,
  `manajer` varchar(50) NOT NULL,
  `asmen` varchar(50) NOT NULL,
  PRIMARY KEY (`id_user`)
) ENGINE=InnoDB  DEFAULT CHARSET=latin1 AUTO_INCREMENT=12 ;

--
-- Dumping data for table `user`
--

INSERT INTO `user` (`id_user`, `username`, `password`, `level`, `manajer`, `asmen`) VALUES
(1, 'Admin_gudang', '827ccb0eea8a706c4c34a16891f84e7b', 'admin_gudang', 'M. Azharuddin, S.T', 'Merry Ariyanda, A.Md'),
(2, 'Asmen_gudang', '827ccb0eea8a706c4c34a16891f84e7b', 'asisten_manajer', 'M. Azharuddin, S.T', 'Irwan Saputra, A.Md'),
(3, 'Seberangulu1', '504ebd3761094b183a0a3b0bab044101', 'unit_pelayanan', 'Nuzul Fitrie, S.H', 'Muhammad Ridwan, A.Md'),
(4, 'Seberangulu2', '50b71f3f427a371a1bec28a5c77c7e20', 'unit_pelayanan', 'A. Halim, S.T', 'Ari Chandra, S.T'),
(5, 'Sakokenten', '788172228a7d075fec779e47b764080f', 'unit_pelayanan', 'Tishanuddin, S.Sos', 'Eko Saputro, A.Md'),
(6, 'Rambutan', '8981eba6c11dacf3a58dd42a3dd6db5e', 'unit_pelayanan', 'Hartini, S.E', 'Ahmad Alhakimi'),
(7, 'KM4', '7fb34a576a0a83c08a03b1e89aad1735', 'unit_pelayanan', 'Hadri, A.Md', 'Ade Oktariandy'),
(8, '3ilir', 'fcf2de10c1d4e2c53d7f907c398d0a97', 'unit_pelayanan', 'Ariansyah, A.Md', 'Arman Dery, A.Md'),
(9, 'Kalidoni', '5dea761f99e5cf0793172de6f87fa944', 'unit_pelayanan', 'Muhammad Nur Ridho, A.Md', 'Iqbal Islami, A.Md'),
(10, 'Karanganyar', 'cd2c212942e7b764c008dd062d86e480', 'unit_pelayanan', 'Indra Jaya, S.E', 'Eko Madya, A.Md'),
(11, 'Alangalanglebar', 'd2ececb5303cafeff9aa7ea0f20cd0ac', 'unit_pelayanan', 'Rahmad, S.T', 'Janti Yustinus BN, A.Md');

/*!40101 SET CHARACTER_SET_CLIENT=@OLD_CHARACTER_SET_CLIENT */;
/*!40101 SET CHARACTER_SET_RESULTS=@OLD_CHARACTER_SET_RESULTS */;
/*!40101 SET COLLATION_CONNECTION=@OLD_COLLATION_CONNECTION */;
